MATRICULA,REPROVACOES_DE,REPROVACOES_EM,REPROVACOES_MF,REPROVACOES_GO,NOTA_DE,NOTA_EM,NOTA_MF,NOTA_GO,INGLES,H_AULA_PRES,TAREFAS_ONLINE,FALTAS,target
367614.0,0.0,0.0,0.0,0.0,6.1,6.9,4.8,5.6,0.0,2.0,5.0,3.0,EXATAS
762880.0,0.0,0.0,0.0,0.0,7.1,6.8,6.1,6.1,1.0,8.0,3.0,3.0,EXATAS
806580.0,1.0,1.0,1.0,1.0,0.0,0.0,0.0,0.0,1.0,4.0,2.0,6.0,DIFICULDADE
544345.0,0.0,0.0,0.0,0.0,5.3,5.2,5.6,6.0,1.0,2.0,2.0,5.0,EXATAS
169603.0,1.0,1.0,1.0,3.0,0.0,0.0,0.0,0.0,0.0,6.0,2.0,6.0,DIFICULDADE
979879.0,0.0,0.0,0.0,0.0,5.1,6.0,4.7,4.9,1.0,3.0,2.0,7.0,DIFICULDADE
636064.0,0.0,0.0,0.0,0.0,6.1,6.5,7.9,5.4,1.0,6.0,6.0,4.0,HUMANAS
546596.0,0.0,0.0,0.0,0.0,6.2,6.0,6.2,4.8,1.0,3.0,4.0,4.0,EXATAS
962723.0,1.0,1.0,3.0,1.0,0.0,0.0,0.0,0.0,1.0,4.0,2.0,4.0,DIFICULDADE
752206.0,0.0,0.0,0.0,0.0,6.4,6.9,6.1,6.6,1.0,15.0,5.0,2.0,EXATAS
496812.0,1.0,1.0,1.0,1.0,0.0,0.0,0.0,0.0,0.0,4.0,3.0,5.0,DIFICULDADE
632402.0,0.0,0.0,0.0,0.0,6.3,4.7,5.1,0.0,0.0,8.0,2.0,6.0,EXATAS
748235.0,0.0,0.0,0.0,0.0,6.1,6.1,5.0,4.6,0.0,4.0,2.0,4.0,EXATAS
826230.0,3.0,1.0,1.0,3.0,0.0,0.0,0.0,0.0,1.0,5.0,4.0,5.0,DIFICULDADE
585548.0,0.0,0.0,0.0,0.0,6.5,6.7,5.3,0.0,1.0,8.0,5.0,2.0,EXATAS
144144.0,0.0,0.0,0.0,0.0,7.2,7.0,6.9,0.0,1.0,2.0,6.0,2.0,HUMANAS
486045.0,1.0,3.0,1.0,3.0,0.0,0.0,0.0,0.0,1.0,4.0,2.0,6.0,DIFICULDADE
210925.0,0.0,0.0,0.0,0.0,6.9,7.0,7.0,5.9,0.0,4.0,2.0,3.0,HUMANAS
955628.0,0.0,0.0,0.0,0.0,7.5,6.9,6.0,6.3,1.0,10.0,7.0,1.0,EXATAS
258389.0,0.0,0.0,0.0,0.0,6.5,4.3,5.9,5.9,0.0,9.0,3.0,6.0,EXATAS
634175.0,0.0,0.0,0.0,0.0,6.4,5.4,7.6,5.7,0.0,10.0,5.0,1.0,HUMANAS
362246.0,0.0,0.0,0.0,0.0,6.3,6.6,6.7,0.0,1.0,7.0,4.0,3.0,HUMANAS
420323.0,0.0,0.0,0.0,0.0,5.0,6.1,5.2,5.2,1.0,2.0,0.0,5.0,EXATAS
675535.0,0.0,0.0,0.0,0.0,7.1,6.5,5.1,5.1,1.0,5.0,6.0,1.0,EXATAS
268246.0,0.0,0.0,0.0,0.0,5.9,5.5,5.9,5.9,0.0,17.0,5.0,1.0,EXATAS
555601.0,1.0,1.0,1.0,1.0,0.0,0.0,0.0,0.0,0.0,6.0,2.0,5.0,DIFICULDADE
815771.0,0.0,0.0,0.0,0.0,6.6,6.9,6.1,5.8,1.0,13.0,5.0,5.0,EXATAS
795379.0,0.0,0.0,0.0,0.0,7.1,7.4,8.0,0.0,1.0,4.0,4.0,1.0,HUMANAS
707271.0,1.0,1.0,1.0,3.0,0.0,0.0,0.0,0.0,1.0,7.0,1.0,3.0,DIFICULDADE
762410.0,0.0,0.0,0.0,0.0,6.4,7.0,6.1,5.4,1.0,4.0,5.0,3.0,EXATAS
883797.0,0.0,0.0,0.0,0.0,6.4,6.2,6.2,5.1,1.0,10.0,2.0,4.0,EXATAS
239827.0,0.0,0.0,0.0,0.0,7.4,7.2,6.1,6.6,1.0,4.0,2.0,6.0,EXATAS
631659.0,0.0,0.0,0.0,0.0,7.3,7.8,7.3,6.1,1.0,4.0,0.0,3.0,HUMANAS
428896.0,1.0,3.0,1.0,1.0,0.0,0.0,0.0,0.0,0.0,14.0,5.0,1.0,DIFICULDADE
688652.0,0.0,0.0,0.0,0.0,6.5,5.6,5.8,5.0,1.0,12.0,6.0,2.0,EXATAS
286148.0,0.0,0.0,0.0,0.0,6.8,6.8,8.0,7.3,0.0,4.0,5.0,2.0,HUMANAS
943265.0,0.0,0.0,1.0,3.0,6.3,6.4,0.0,0.0,0.0,9.0,0.0,8.0,DIFICULDADE
774606.0,0.0,0.0,0.0,0.0,5.7,5.5,6.8,4.9,0.0,6.0,5.0,4.0,HUMANAS
110663.0,0.0,0.0,0.0,0.0,7.3,7.7,7.6,6.5,0.0,14.0,2.0,6.0,HUMANAS
610768.0,0.0,0.0,1.0,3.0,6.6,7.1,0.0,0.0,0.0,4.0,5.0,3.0,DIFICULDADE
715405.0,0.0,0.0,0.0,0.0,7.3,7.7,6.8,0.0,0.0,9.0,5.0,2.0,HUMANAS
214406.0,0.0,0.0,0.0,0.0,7.4,8.3,9.1,7.8,1.0,24.0,5.0,4.0,EXCELENTE
432883.0,0.0,0.0,0.0,0.0,6.1,6.6,5.8,5.0,1.0,3.0,5.0,5.0,EXATAS
794887.0,0.0,0.0,0.0,0.0,7.3,7.9,7.2,5.5,1.0,10.0,5.0,1.0,HUMANAS
216461.0,0.0,0.0,0.0,0.0,7.0,7.0,5.1,0.0,1.0,8.0,2.0,6.0,EXATAS
418285.0,0.0,0.0,0.0,0.0,7.7,8.2,9.5,7.5,1.0,19.0,3.0,6.0,HUMANAS
727419.0,1.0,3.0,1.0,1.0,0.0,0.0,0.0,0.0,1.0,3.0,1.0,6.0,DIFICULDADE
301073.0,0.0,0.0,0.0,0.0,7.3,7.1,7.3,6.3,1.0,3.0,3.0,3.0,HUMANAS
749149.0,0.0,0.0,0.0,0.0,7.0,7.2,6.8,7.0,1.0,2.0,3.0,3.0,HUMANAS
833160.0,0.0,0.0,0.0,0.0,7.6,7.8,6.6,7.5,0.0,12.0,2.0,6.0,HUMANAS
361838.0,1.0,3.0,1.0,1.0,0.0,0.0,0.0,0.0,0.0,7.0,4.0,4.0,DIFICULDADE
320243.0,1.0,1.0,1.0,1.0,0.0,0.0,0.0,0.0,1.0,23.0,4.0,3.0,DIFICULDADE
895261.0,0.0,0.0,1.0,3.0,6.1,6.5,0.0,0.0,1.0,4.0,5.0,3.0,DIFICULDADE
497116.0,0.0,0.0,0.0,0.0,6.3,6.5,5.8,4.7,0.0,9.0,5.0,2.0,EXATAS
735425.0,0.0,0.0,0.0,0.0,6.6,6.3,5.6,6.0,1.0,11.0,2.0,6.0,EXATAS
405153.0,0.0,0.0,0.0,0.0,5.4,4.9,5.4,4.9,0.0,2.0,3.0,3.0,DIFICULDADE
758018.0,0.0,0.0,0.0,0.0,7.1,5.8,7.1,5.3,1.0,4.0,3.0,4.0,HUMANAS
422226.0,0.0,0.0,0.0,0.0,7.1,7.1,6.6,6.5,1.0,8.0,2.0,6.0,HUMANAS
529686.0,1.0,1.0,3.0,1.0,0.0,0.0,0.0,0.0,0.0,13.0,7.0,2.0,DIFICULDADE
703134.0,0.0,0.0,0.0,0.0,5.9,6.0,6.3,6.1,1.0,2.0,5.0,6.0,EXATAS
550615.0,0.0,0.0,0.0,0.0,6.7,7.1,6.5,6.5,1.0,4.0,5.0,4.0,EXATAS
764166.0,1.0,3.0,1.0,1.0,0.0,0.0,0.0,0.0,1.0,9.0,2.0,3.0,DIFICULDADE
378261.0,0.0,0.0,0.0,0.0,6.2,6.7,5.1,5.8,1.0,5.0,4.0,5.0,EXATAS
295130.0,1.0,1.0,3.0,1.0,0.0,0.0,0.0,0.0,1.0,4.0,6.0,2.0,DIFICULDADE
358794.0,0.0,0.0,0.0,0.0,6.3,6.5,5.8,5.0,1.0,9.0,0.0,8.0,EXATAS
343419.0,0.0,0.0,0.0,0.0,6.4,5.4,4.8,4.8,1.0,6.0,4.0,3.0,EXATAS
617306.0,1.0,1.0,1.0,1.0,0.0,0.0,0.0,0.0,1.0,1.0,0.0,7.0,DIFICULDADE
533586.0,0.0,0.0,0.0,0.0,6.9,6.8,6.1,6.4,0.0,10.0,2.0,3.0,EXATAS
223332.0,0.0,0.0,0.0,0.0,7.0,6.9,4.7,5.2,0.0,5.0,5.0,2.0,EXATAS
811393.0,0.0,0.0,0.0,0.0,5.9,5.0,6.8,5.6,0.0,4.0,5.0,2.0,HUMANAS
888981.0,0.0,0.0,0.0,0.0,7.2,6.9,5.5,0.0,1.0,4.0,3.0,5.0,EXATAS
697700.0,0.0,0.0,1.0,3.0,5.4,0.0,0.0,0.0,1.0,8.0,3.0,6.0,DIFICULDADE
529593.0,0.0,0.0,0.0,0.0,6.4,6.0,6.2,0.0,0.0,15.0,6.0,2.0,EXATAS
477627.0,0.0,0.0,0.0,0.0,6.0,5.8,5.5,6.0,1.0,3.0,5.0,4.0,EXATAS
431008.0,1.0,1.0,1.0,1.0,0.0,0.0,0.0,0.0,0.0,8.0,2.0,6.0,DIFICULDADE
846687.0,0.0,0.0,0.0,0.0,6.8,7.2,6.8,0.0,0.0,5.0,0.0,4.0,HUMANAS
214328.0,0.0,0.0,0.0,0.0,6.6,5.7,6.8,0.0,1.0,16.0,3.0,3.0,HUMANAS
804006.0,0.0,0.0,0.0,0.0,7.1,6.9,7.9,6.5,1.0,11.0,5.0,3.0,HUMANAS
672907.0,0.0,0.0,0.0,0.0,6.7,6.8,6.7,5.3,0.0,13.0,5.0,2.0,HUMANAS
544311.0,0.0,0.0,0.0,0.0,6.2,4.9,5.5,4.7,0.0,2.0,2.0,3.0,EXATAS
115852.0,0.0,0.0,0.0,0.0,6.6,6.5,7.4,5.9,0.0,4.0,0.0,3.0,HUMANAS
560384.0,0.0,0.0,1.0,3.0,6.4,5.8,0.0,0.0,1.0,2.0,0.0,7.0,DIFICULDADE
814806.0,0.0,0.0,0.0,0.0,6.2,5.7,5.5,5.2,0.0,2.0,4.0,2.0,EXATAS
204159.0,0.0,0.0,0.0,0.0,7.5,7.7,8.1,6.6,0.0,10.0,5.0,3.0,HUMANAS
665682.0,0.0,0.0,0.0,0.0,7.8,7.4,7.6,6.6,1.0,5.0,4.0,1.0,HUMANAS
584634.0,0.0,0.0,0.0,0.0,6.8,6.6,6.8,0.0,1.0,2.0,3.0,3.0,HUMANAS
402495.0,0.0,0.0,0.0,0.0,6.8,6.9,7.4,6.5,0.0,5.0,2.0,3.0,HUMANAS
181049.0,1.0,1.0,1.0,1.0,0.0,0.0,0.0,0.0,1.0,3.0,7.0,1.0,DIFICULDADE
776423.0,0.0,0.0,0.0,0.0,5.6,5.7,4.9,0.0,1.0,11.0,5.0,1.0,EXATAS
889863.0,0.0,0.0,0.0,0.0,4.7,4.6,4.6,4.8,1.0,5.0,2.0,6.0,DIFICULDADE
873545.0,0.0,0.0,0.0,0.0,5.8,5.7,5.8,0.0,0.0,13.0,3.0,4.0,EXATAS
563006.0,0.0,0.0,0.0,0.0,5.5,5.7,6.3,4.3,1.0,5.0,1.0,3.0,EXATAS
833176.0,0.0,0.0,0.0,0.0,5.4,5.7,5.0,5.1,1.0,3.0,5.0,3.0,EXATAS
577732.0,0.0,0.0,0.0,0.0,5.9,5.7,5.9,5.5,1.0,6.0,2.0,4.0,EXATAS
471003.0,0.0,0.0,0.0,0.0,6.2,5.9,5.7,0.0,1.0,7.0,4.0,1.0,EXATAS
662633.0,0.0,0.0,0.0,0.0,6.8,6.1,8.3,7.1,0.0,4.0,5.0,3.0,HUMANAS
779912.0,0.0,0.0,0.0,0.0,6.2,7.0,6.6,5.3,0.0,3.0,2.0,6.0,HUMANAS
362965.0,1.0,3.0,3.0,1.0,0.0,0.0,0.0,0.0,0.0,2.0,1.0,6.0,DIFICULDADE
713159.0,0.0,0.0,0.0,0.0,6.6,5.8,6.0,5.5,1.0,5.0,5.0,3.0,EXATAS
742555.0,0.0,0.0,0.0,0.0,7.0,6.0,7.1,5.2,0.0,5.0,5.0,3.0,HUMANAS
203027.0,0.0,0.0,0.0,0.0,5.7,5.7,5.4,0.0,1.0,4.0,3.0,3.0,EXATAS
506576.0,3.0,1.0,1.0,1.0,0.0,0.0,0.0,0.0,0.0,4.0,2.0,7.0,DIFICULDADE
835542.0,0.0,0.0,0.0,0.0,7.1,6.7,8.2,6.7,0.0,17.0,2.0,6.0,HUMANAS
616634.0,0.0,0.0,0.0,0.0,5.4,6.3,5.0,4.3,0.0,4.0,1.0,3.0,EXATAS
159261.0,0.0,0.0,0.0,0.0,6.5,5.7,5.8,5.5,1.0,2.0,5.0,3.0,EXATAS
181000.0,0.0,0.0,0.0,0.0,7.3,7.5,8.4,6.6,1.0,7.0,1.0,1.0,HUMANAS
595900.0,1.0,1.0,1.0,1.0,0.0,0.0,0.0,0.0,1.0,3.0,2.0,6.0,DIFICULDADE
971000.0,0.0,0.0,0.0,0.0,6.5,6.9,5.9,6.8,0.0,5.0,2.0,6.0,EXATAS
762155.0,0.0,0.0,0.0,0.0,6.1,5.2,5.8,6.1,0.0,4.0,3.0,2.0,EXATAS
400026.0,0.0,0.0,0.0,0.0,7.6,7.9,8.6,7.2,0.0,17.0,6.0,1.0,EXCELENTE
575266.0,0.0,0.0,0.0,0.0,7.6,7.5,6.9,6.9,0.0,15.0,3.0,1.0,HUMANAS
198691.0,0.0,0.0,0.0,0.0,5.1,5.7,6.2,4.6,1.0,2.0,2.0,7.0,EXATAS
325371.0,1.0,1.0,1.0,1.0,0.0,0.0,0.0,0.0,1.0,2.0,5.0,5.0,DIFICULDADE
162811.0,0.0,0.0,0.0,0.0,6.7,6.8,7.1,0.0,0.0,5.0,3.0,3.0,HUMANAS
686077.0,0.0,0.0,0.0,0.0,6.8,6.7,5.8,5.2,1.0,13.0,5.0,7.0,EXATAS
405574.0,0.0,0.0,0.0,0.0,6.4,6.3,5.0,4.9,0.0,3.0,2.0,3.0,EXATAS
429148.0,0.0,0.0,0.0,0.0,5.7,5.9,5.6,5.0,0.0,6.0,5.0,2.0,EXATAS
931247.0,1.0,1.0,0.0,0.0,0.0,0.0,5.9,5.5,0.0,5.0,5.0,3.0,DIFICULDADE
970642.0,0.0,0.0,0.0,0.0,5.9,5.0,6.2,0.0,0.0,10.0,5.0,4.0,EXATAS
386419.0,0.0,0.0,0.0,0.0,6.4,6.4,5.1,0.0,0.0,4.0,1.0,6.0,EXATAS
835140.0,1.0,1.0,1.0,1.0,0.0,0.0,0.0,0.0,1.0,5.0,2.0,3.0,DIFICULDADE
623239.0,0.0,0.0,0.0,0.0,5.9,5.0,6.7,5.4,1.0,15.0,2.0,3.0,HUMANAS
604314.0,0.0,0.0,0.0,0.0,6.3,4.5,5.0,4.9,0.0,5.0,3.0,3.0,EXATAS
688581.0,1.0,1.0,1.0,3.0,0.0,0.0,0.0,0.0,1.0,7.0,3.0,4.0,DIFICULDADE
289289.0,0.0,0.0,0.0,0.0,6.3,4.6,6.1,5.4,0.0,9.0,2.0,3.0,EXATAS
149139.0,0.0,0.0,0.0,0.0,6.5,6.3,5.3,6.5,1.0,11.0,5.0,1.0,EXATAS
347669.0,0.0,0.0,0.0,0.0,6.8,6.9,8.2,7.0,1.0,13.0,7.0,2.0,HUMANAS
140047.0,1.0,1.0,1.0,1.0,0.0,0.0,0.0,0.0,1.0,10.0,5.0,6.0,DIFICULDADE
690002.0,3.0,1.0,1.0,1.0,0.0,0.0,0.0,0.0,1.0,1.0,0.0,6.0,DIFICULDADE
342136.0,0.0,0.0,0.0,0.0,6.5,6.6,5.2,5.1,1.0,7.0,2.0,6.0,EXATAS
407197.0,1.0,1.0,3.0,1.0,0.0,0.0,0.0,0.0,1.0,5.0,2.0,5.0,DIFICULDADE
164038.0,1.0,1.0,1.0,1.0,0.0,0.0,0.0,0.0,1.0,2.0,2.0,4.0,DIFICULDADE
854683.0,0.0,0.0,0.0,0.0,5.8,5.2,4.6,4.7,0.0,4.0,1.0,6.0,DIFICULDADE
623242.0,0.0,0.0,0.0,0.0,6.8,6.5,5.7,5.6,0.0,2.0,5.0,6.0,EXATAS
800693.0,0.0,0.0,1.0,1.0,5.0,5.8,0.0,0.0,0.0,4.0,2.0,5.0,DIFICULDADE
286269.0,0.0,0.0,0.0,0.0,6.5,6.1,6.6,5.7,0.0,9.0,3.0,6.0,HUMANAS
296705.0,0.0,0.0,0.0,0.0,6.2,5.3,5.8,4.2,0.0,10.0,6.0,7.0,EXATAS
352554.0,0.0,0.0,0.0,0.0,6.2,5.8,5.5,6.9,1.0,6.0,0.0,6.0,EXATAS
420857.0,0.0,0.0,0.0,0.0,7.3,7.0,7.2,7.1,0.0,1.0,5.0,3.0,HUMANAS
751036.0,0.0,0.0,0.0,0.0,6.5,6.8,4.8,5.4,1.0,4.0,5.0,3.0,EXATAS
721225.0,1.0,1.0,1.0,1.0,0.0,0.0,0.0,0.0,0.0,7.0,5.0,3.0,DIFICULDADE
841136.0,0.0,0.0,0.0,0.0,7.0,6.6,7.5,7.2,1.0,3.0,5.0,8.0,HUMANAS
395311.0,0.0,0.0,0.0,0.0,5.0,6.0,5.5,4.6,0.0,7.0,0.0,1.0,DIFICULDADE
885884.0,0.0,0.0,0.0,0.0,4.7,4.9,5.2,5.3,1.0,9.0,2.0,6.0,DIFICULDADE
876239.0,0.0,0.0,0.0,0.0,5.4,5.2,6.9,0.0,1.0,6.0,3.0,2.0,HUMANAS
201346.0,1.0,1.0,1.0,1.0,0.0,0.0,0.0,0.0,1.0,6.0,2.0,1.0,DIFICULDADE
402308.0,0.0,0.0,0.0,0.0,6.1,6.1,7.0,4.9,1.0,2.0,4.0,4.0,HUMANAS
468153.0,0.0,0.0,0.0,0.0,5.4,4.0,5.9,4.6,0.0,9.0,0.0,8.0,DIFICULDADE
402961.0,0.0,0.0,0.0,0.0,5.6,6.0,4.7,5.0,0.0,5.0,4.0,5.0,EXATAS
146063.0,0.0,0.0,0.0,0.0,5.5,5.9,5.7,5.6,0.0,2.0,4.0,3.0,EXATAS
684868.0,0.0,0.0,0.0,0.0,5.9,4.8,6.3,4.7,1.0,5.0,2.0,6.0,EXATAS
175818.0,0.0,0.0,0.0,0.0,6.6,6.7,6.8,5.5,1.0,0.0,5.0,3.0,HUMANAS
492847.0,3.0,3.0,1.0,1.0,0.0,0.0,0.0,0.0,1.0,5.0,2.0,4.0,DIFICULDADE
764028.0,0.0,0.0,0.0,0.0,6.7,6.8,8.0,5.8,1.0,10.0,1.0,6.0,HUMANAS
234971.0,0.0,0.0,1.0,1.0,7.5,7.3,0.0,0.0,0.0,8.0,5.0,3.0,EXATAS
123257.0,1.0,1.0,1.0,3.0,0.0,0.0,0.0,0.0,1.0,5.0,4.0,1.0,DIFICULDADE
866567.0,0.0,0.0,0.0,0.0,5.9,5.5,5.6,5.0,0.0,4.0,5.0,3.0,EXATAS
340485.0,0.0,0.0,0.0,0.0,7.5,7.3,7.3,6.8,1.0,8.0,6.0,1.0,HUMANAS
362738.0,0.0,0.0,0.0,0.0,6.7,6.8,5.6,5.9,1.0,4.0,3.0,3.0,EXATAS
182447.0,0.0,0.0,0.0,0.0,5.9,5.1,4.8,5.5,1.0,9.0,2.0,6.0,EXATAS
837614.0,0.0,0.0,0.0,0.0,6.3,5.9,6.7,7.1,0.0,8.0,5.0,2.0,HUMANAS
122033.0,0.0,0.0,0.0,0.0,6.3,5.5,5.1,5.4,0.0,3.0,1.0,6.0,EXATAS
271184.0,0.0,0.0,1.0,1.0,5.9,5.5,0.0,0.0,1.0,3.0,2.0,3.0,DIFICULDADE
920435.0,0.0,0.0,0.0,0.0,7.3,6.9,7.2,6.9,1.0,2.0,0.0,3.0,HUMANAS
826943.0,0.0,0.0,0.0,0.0,5.5,5.0,5.4,0.0,1.0,6.0,5.0,4.0,EXATAS
348530.0,0.0,0.0,0.0,0.0,6.4,5.5,5.9,4.6,1.0,1.0,2.0,6.0,EXATAS
122564.0,0.0,0.0,0.0,0.0,7.4,7.5,8.6,6.9,0.0,11.0,7.0,1.0,EXCELENTE
649518.0,0.0,0.0,0.0,0.0,6.0,4.3,5.9,4.6,1.0,2.0,5.0,3.0,EXATAS
940845.0,0.0,0.0,0.0,0.0,5.1,5.7,6.3,4.7,1.0,3.0,2.0,5.0,EXATAS
640587.0,0.0,0.0,0.0,0.0,6.4,5.6,5.0,5.4,0.0,3.0,5.0,3.0,EXATAS
948837.0,0.0,0.0,0.0,0.0,5.2,4.8,5.2,4.9,1.0,4.0,2.0,5.0,DIFICULDADE
247036.0,1.0,3.0,1.0,1.0,0.0,0.0,0.0,0.0,1.0,6.0,3.0,3.0,DIFICULDADE
488595.0,1.0,1.0,1.0,1.0,0.0,0.0,0.0,0.0,1.0,5.0,5.0,3.0,DIFICULDADE
358224.0,0.0,0.0,0.0,0.0,6.3,6.3,5.8,0.0,1.0,4.0,5.0,3.0,EXATAS
338434.0,1.0,1.0,1.0,1.0,0.0,0.0,0.0,0.0,1.0,0.0,4.0,3.0,DIFICULDADE
391905.0,0.0,0.0,0.0,0.0,4.9,4.8,5.7,0.0,0.0,3.0,1.0,6.0,DIFICULDADE
881970.0,1.0,1.0,1.0,3.0,0.0,0.0,0.0,0.0,0.0,3.0,5.0,2.0,DIFICULDADE
237101.0,1.0,1.0,1.0,1.0,0.0,0.0,0.0,0.0,0.0,8.0,0.0,3.0,DIFICULDADE
374645.0,0.0,0.0,0.0,0.0,7.2,6.8,7.9,5.8,1.0,4.0,6.0,2.0,HUMANAS
446778.0,0.0,0.0,0.0,0.0,6.3,6.3,5.1,6.2,0.0,3.0,5.0,3.0,EXATAS
642074.0,0.0,0.0,0.0,0.0,5.4,5.4,5.1,5.8,1.0,2.0,2.0,6.0,EXATAS
534638.0,3.0,1.0,1.0,3.0,0.0,0.0,0.0,0.0,1.0,2.0,4.0,5.0,DIFICULDADE
662870.0,1.0,1.0,1.0,1.0,0.0,0.0,0.0,0.0,0.0,11.0,5.0,3.0,DIFICULDADE
352415.0,0.0,0.0,0.0,0.0,7.6,7.5,5.9,6.8,1.0,5.0,2.0,6.0,EXATAS
807772.0,1.0,3.0,1.0,1.0,0.0,0.0,0.0,0.0,0.0,0.0,2.0,3.0,DIFICULDADE
135798.0,0.0,0.0,0.0,0.0,6.5,5.7,6.6,6.2,0.0,9.0,3.0,4.0,HUMANAS
647704.0,1.0,3.0,1.0,1.0,0.0,0.0,0.0,0.0,1.0,5.0,3.0,3.0,DIFICULDADE
832854.0,0.0,0.0,0.0,0.0,7.6,7.8,9.1,7.3,0.0,8.0,4.0,2.0,EXCELENTE
194406.0,0.0,0.0,0.0,0.0,6.2,6.9,5.9,6.4,1.0,3.0,3.0,5.0,EXATAS
265360.0,0.0,0.0,0.0,0.0,6.1,5.5,6.1,5.8,1.0,4.0,1.0,6.0,EXATAS
835223.0,0.0,0.0,0.0,0.0,5.1,6.0,5.0,5.3,1.0,1.0,4.0,5.0,EXATAS
824230.0,0.0,0.0,0.0,0.0,7.0,6.5,7.0,6.2,0.0,5.0,5.0,3.0,HUMANAS
781154.0,1.0,1.0,1.0,3.0,0.0,0.0,0.0,0.0,0.0,2.0,2.0,6.0,DIFICULDADE
221646.0,1.0,3.0,1.0,1.0,0.0,0.0,0.0,0.0,1.0,6.0,2.0,6.0,DIFICULDADE
739947.0,0.0,0.0,0.0,0.0,6.9,7.0,7.2,6.7,1.0,19.0,6.0,2.0,HUMANAS
511923.0,0.0,0.0,0.0,0.0,5.2,5.3,5.0,4.5,1.0,2.0,3.0,5.0,DIFICULDADE
481343.0,0.0,0.0,0.0,0.0,7.2,7.2,7.3,0.0,0.0,3.0,2.0,6.0,HUMANAS
434186.0,0.0,0.0,0.0,0.0,6.6,6.2,6.1,5.9,1.0,2.0,5.0,3.0,EXATAS
178621.0,0.0,0.0,0.0,0.0,6.4,6.6,6.6,0.0,1.0,2.0,2.0,6.0,HUMANAS
422761.0,0.0,0.0,0.0,0.0,5.5,5.4,7.0,5.0,1.0,1.0,0.0,6.0,HUMANAS
965462.0,0.0,0.0,3.0,1.0,6.0,5.5,0.0,0.0,1.0,13.0,6.0,6.0,DIFICULDADE
509989.0,1.0,1.0,3.0,1.0,0.0,0.0,0.0,0.0,0.0,3.0,3.0,4.0,DIFICULDADE
680549.0,0.0,0.0,0.0,0.0,6.5,6.3,5.5,5.1,0.0,5.0,3.0,3.0,EXATAS
564964.0,1.0,3.0,3.0,1.0,0.0,0.0,0.0,0.0,0.0,7.0,5.0,2.0,DIFICULDADE
500167.0,0.0,0.0,0.0,0.0,7.2,7.0,5.6,5.3,1.0,7.0,0.0,7.0,EXATAS
651754.0,0.0,0.0,0.0,0.0,6.5,6.0,4.8,6.2,0.0,5.0,2.0,6.0,EXATAS
712603.0,1.0,3.0,1.0,1.0,0.0,0.0,0.0,0.0,1.0,2.0,2.0,6.0,DIFICULDADE
567464.0,0.0,0.0,0.0,0.0,6.6,6.5,5.7,0.0,0.0,2.0,0.0,8.0,EXATAS
199637.0,0.0,0.0,0.0,0.0,5.0,5.0,5.0,0.0,1.0,4.0,2.0,6.0,DIFICULDADE
332288.0,0.0,0.0,0.0,0.0,7.0,7.0,5.7,6.5,1.0,8.0,5.0,3.0,EXATAS
731711.0,0.0,0.0,0.0,0.0,6.6,6.9,6.0,6.4,0.0,8.0,0.0,6.0,EXATAS
196153.0,0.0,0.0,0.0,0.0,6.8,6.6,5.0,5.0,0.0,4.0,2.0,6.0,EXATAS
551078.0,0.0,0.0,0.0,0.0,6.6,6.4,6.3,7.1,1.0,4.0,2.0,4.0,EXATAS
863289.0,0.0,0.0,0.0,0.0,5.8,5.4,5.4,0.0,0.0,7.0,0.0,3.0,EXATAS
433932.0,0.0,0.0,0.0,0.0,6.2,5.3,6.9,4.6,1.0,9.0,2.0,8.0,HUMANAS
994103.0,0.0,0.0,0.0,0.0,4.8,6.2,5.8,5.6,1.0,8.0,5.0,3.0,EXATAS
168139.0,0.0,0.0,0.0,0.0,4.6,6.0,4.5,4.9,1.0,4.0,2.0,6.0,DIFICULDADE
736833.0,0.0,0.0,0.0,0.0,5.8,5.7,5.1,5.5,1.0,5.0,5.0,4.0,EXATAS
471951.0,0.0,0.0,0.0,0.0,6.7,7.5,5.0,5.6,1.0,3.0,1.0,6.0,EXATAS
756868.0,0.0,0.0,0.0,0.0,6.7,6.9,5.5,6.2,1.0,9.0,6.0,2.0,EXATAS
832480.0,0.0,0.0,0.0,0.0,6.4,6.6,5.1,5.6,1.0,3.0,5.0,3.0,EXATAS
691786.0,0.0,0.0,0.0,0.0,6.3,5.3,5.0,4.4,1.0,2.0,2.0,6.0,EXATAS
632266.0,0.0,0.0,0.0,0.0,7.5,7.3,8.4,7.7,0.0,14.0,5.0,2.0,EXCELENTE
497805.0,1.0,1.0,1.0,3.0,0.0,0.0,0.0,0.0,1.0,4.0,2.0,4.0,DIFICULDADE
792604.0,0.0,0.0,0.0,0.0,6.5,6.7,5.4,5.5,0.0,17.0,5.0,5.0,EXATAS
734320.0,1.0,1.0,1.0,1.0,0.0,0.0,0.0,0.0,0.0,2.0,3.0,3.0,DIFICULDADE
714383.0,1.0,1.0,1.0,1.0,0.0,0.0,0.0,0.0,1.0,4.0,2.0,6.0,DIFICULDADE
399644.0,0.0,0.0,0.0,0.0,8.0,8.7,8.3,7.9,0.0,9.0,0.0,1.0,EXCELENTE
397292.0,3.0,3.0,1.0,1.0,0.0,0.0,0.0,0.0,1.0,2.0,0.0,6.0,DIFICULDADE
291973.0,0.0,0.0,0.0,0.0,6.2,6.0,5.4,0.0,0.0,2.0,0.0,6.0,EXATAS
175286.0,0.0,0.0,0.0,0.0,6.1,6.0,7.0,7.0,1.0,13.0,2.0,5.0,HUMANAS
346432.0,0.0,0.0,0.0,0.0,7.0,6.7,8.0,5.2,1.0,14.0,1.0,5.0,HUMANAS
691333.0,0.0,0.0,0.0,0.0,6.6,7.5,6.5,5.7,1.0,3.0,3.0,5.0,EXATAS
833658.0,0.0,0.0,0.0,0.0,4.9,5.3,7.4,4.8,1.0,2.0,3.0,6.0,HUMANAS
435674.0,0.0,0.0,0.0,0.0,5.6,5.1,4.9,4.7,0.0,6.0,5.0,3.0,DIFICULDADE
646697.0,0.0,0.0,0.0,0.0,6.8,7.1,7.1,7.2,0.0,5.0,0.0,3.0,HUMANAS
613195.0,0.0,0.0,0.0,0.0,6.7,6.1,5.1,5.7,0.0,4.0,4.0,4.0,EXATAS
710633.0,0.0,0.0,0.0,0.0,6.5,6.2,5.8,5.8,1.0,8.0,3.0,5.0,EXATAS
677952.0,0.0,0.0,0.0,0.0,6.0,5.6,4.9,5.4,1.0,3.0,2.0,6.0,EXATAS
619703.0,0.0,0.0,0.0,0.0,6.5,5.6,7.7,4.8,1.0,4.0,2.0,5.0,HUMANAS
959625.0,0.0,0.0,1.0,1.0,6.7,5.6,0.0,0.0,0.0,14.0,5.0,3.0,DIFICULDADE
602798.0,1.0,1.0,1.0,1.0,0.0,0.0,0.0,0.0,0.0,5.0,2.0,8.0,DIFICULDADE
106560.0,3.0,1.0,1.0,1.0,0.0,0.0,0.0,0.0,1.0,5.0,2.0,4.0,DIFICULDADE
302329.0,3.0,3.0,1.0,1.0,0.0,0.0,0.0,0.0,0.0,2.0,2.0,6.0,DIFICULDADE
355090.0,3.0,1.0,1.0,1.0,0.0,0.0,0.0,0.0,0.0,3.0,3.0,5.0,DIFICULDADE
417735.0,0.0,0.0,0.0,0.0,6.9,6.2,5.7,0.0,1.0,14.0,5.0,1.0,EXATAS
318110.0,0.0,0.0,0.0,0.0,6.4,5.3,4.9,5.0,1.0,4.0,2.0,6.0,EXATAS
589623.0,0.0,0.0,0.0,0.0,6.1,5.7,4.6,5.4,0.0,9.0,4.0,3.0,EXATAS
735922.0,0.0,0.0,0.0,0.0,6.8,7.2,7.9,5.3,0.0,13.0,5.0,5.0,HUMANAS
999606.0,0.0,0.0,0.0,0.0,6.3,6.3,5.0,0.0,1.0,13.0,2.0,5.0,EXATAS
383779.0,0.0,0.0,1.0,1.0,6.4,6.2,0.0,0.0,1.0,5.0,4.0,1.0,DIFICULDADE
123549.0,0.0,0.0,0.0,0.0,6.4,6.1,6.8,5.4,0.0,12.0,5.0,4.0,HUMANAS
414643.0,3.0,1.0,1.0,3.0,0.0,0.0,0.0,0.0,1.0,4.0,5.0,3.0,DIFICULDADE
113046.0,0.0,0.0,0.0,0.0,6.5,5.4,6.1,5.9,1.0,3.0,2.0,5.0,EXATAS
134784.0,0.0,0.0,0.0,0.0,5.8,6.4,6.3,5.9,1.0,8.0,3.0,3.0,EXATAS
487366.0,0.0,0.0,0.0,0.0,5.2,5.0,6.2,6.0,1.0,9.0,2.0,6.0,EXATAS
517305.0,0.0,0.0,0.0,0.0,5.6,4.9,4.7,4.5,1.0,3.0,4.0,4.0,DIFICULDADE
648256.0,0.0,0.0,0.0,0.0,7.6,8.1,9.9,7.7,0.0,10.0,5.0,3.0,EXCELENTE
357515.0,0.0,0.0,0.0,0.0,7.2,6.7,6.9,6.7,0.0,14.0,6.0,2.0,HUMANAS
975632.0,1.0,1.0,1.0,3.0,0.0,0.0,0.0,0.0,1.0,5.0,3.0,1.0,DIFICULDADE
941339.0,0.0,0.0,0.0,0.0,7.0,7.4,6.6,6.8,1.0,7.0,6.0,3.0,HUMANAS
155658.0,0.0,0.0,0.0,0.0,6.5,6.8,5.4,5.7,1.0,4.0,0.0,8.0,EXATAS
472370.0,0.0,0.0,0.0,0.0,6.6,7.1,5.8,5.9,1.0,4.0,3.0,3.0,EXATAS
428790.0,0.0,0.0,0.0,0.0,5.8,6.4,5.6,5.2,1.0,4.0,0.0,8.0,EXATAS
213294.0,0.0,0.0,0.0,0.0,6.5,6.0,5.7,6.3,0.0,2.0,1.0,7.0,EXATAS
203482.0,0.0,0.0,0.0,0.0,5.8,5.8,5.2,5.8,1.0,5.0,2.0,5.0,EXATAS
246821.0,0.0,0.0,0.0,0.0,5.3,4.6,5.4,5.1,0.0,2.0,2.0,6.0,DIFICULDADE
763631.0,0.0,0.0,0.0,0.0,6.0,6.5,6.1,5.9,1.0,4.0,6.0,2.0,EXATAS
573361.0,0.0,0.0,0.0,0.0,5.3,5.3,5.9,5.5,1.0,4.0,0.0,4.0,EXATAS
995228.0,1.0,3.0,1.0,1.0,0.0,0.0,0.0,0.0,1.0,2.0,1.0,7.0,DIFICULDADE
157007.0,0.0,0.0,0.0,0.0,5.5,4.8,6.8,4.6,1.0,11.0,7.0,2.0,HUMANAS
525426.0,0.0,0.0,0.0,0.0,6.0,5.1,4.6,0.0,1.0,4.0,2.0,5.0,EXATAS
152863.0,0.0,0.0,0.0,0.0,6.6,6.8,7.1,6.2,1.0,12.0,3.0,5.0,HUMANAS
411898.0,1.0,1.0,1.0,3.0,0.0,0.0,0.0,0.0,1.0,4.0,5.0,1.0,DIFICULDADE
935689.0,0.0,0.0,0.0,0.0,6.6,7.4,8.6,6.4,0.0,12.0,3.0,5.0,HUMANAS
594186.0,0.0,0.0,0.0,0.0,4.8,4.9,4.7,5.1,1.0,7.0,2.0,3.0,DIFICULDADE
971872.0,0.0,0.0,0.0,0.0,6.7,6.5,6.5,0.0,1.0,13.0,2.0,2.0,EXATAS
501587.0,0.0,0.0,0.0,0.0,6.8,7.2,4.7,7.1,0.0,9.0,5.0,3.0,EXATAS
689530.0,0.0,0.0,0.0,0.0,7.0,7.3,8.3,7.2,1.0,4.0,2.0,5.0,HUMANAS
593546.0,0.0,0.0,0.0,0.0,5.9,6.7,4.9,4.8,0.0,5.0,1.0,7.0,EXATAS
422328.0,1.0,3.0,1.0,1.0,0.0,0.0,0.0,0.0,0.0,8.0,2.0,3.0,DIFICULDADE
977612.0,0.0,0.0,0.0,0.0,6.5,6.3,5.9,5.6,0.0,3.0,2.0,6.0,EXATAS
325280.0,0.0,0.0,0.0,0.0,4.1,5.2,5.4,5.2,1.0,7.0,2.0,6.0,DIFICULDADE
707942.0,0.0,0.0,0.0,0.0,6.6,6.4,5.0,5.4,0.0,14.0,6.0,3.0,EXATAS
716446.0,1.0,1.0,1.0,1.0,0.0,0.0,0.0,0.0,0.0,19.0,6.0,3.0,DIFICULDADE
156808.0,0.0,0.0,0.0,0.0,6.6,5.1,6.0,0.0,1.0,4.0,2.0,7.0,EXATAS
708233.0,0.0,0.0,0.0,0.0,4.2,4.5,5.1,4.8,0.0,5.0,7.0,5.0,DIFICULDADE
797451.0,0.0,0.0,0.0,0.0,6.2,6.5,5.6,5.6,0.0,3.0,2.0,3.0,EXATAS
145298.0,0.0,0.0,0.0,0.0,7.2,7.1,6.7,6.7,0.0,5.0,5.0,3.0,HUMANAS
277825.0,0.0,0.0,0.0,0.0,7.0,7.2,6.4,6.2,0.0,4.0,7.0,1.0,EXATAS
681356.0,0.0,0.0,0.0,0.0,5.2,5.5,5.6,5.9,0.0,5.0,4.0,3.0,EXATAS
505123.0,1.0,1.0,3.0,1.0,0.0,0.0,0.0,0.0,1.0,3.0,2.0,6.0,DIFICULDADE
904706.0,0.0,0.0,1.0,1.0,4.8,4.7,0.0,0.0,0.0,4.0,4.0,3.0,DIFICULDADE
803485.0,1.0,1.0,1.0,3.0,0.0,0.0,0.0,0.0,1.0,5.0,3.0,3.0,DIFICULDADE
615702.0,1.0,1.0,1.0,1.0,0.0,0.0,0.0,0.0,1.0,3.0,2.0,6.0,DIFICULDADE
791819.0,0.0,0.0,0.0,0.0,6.9,6.9,5.9,6.1,1.0,9.0,2.0,5.0,EXATAS
761581.0,0.0,0.0,0.0,0.0,6.1,6.1,6.4,6.8,0.0,4.0,6.0,1.0,EXATAS
838055.0,0.0,0.0,0.0,0.0,7.0,6.4,5.8,5.9,1.0,12.0,3.0,3.0,EXATAS
413205.0,0.0,0.0,0.0,0.0,6.8,6.5,6.4,0.0,1.0,3.0,5.0,3.0,EXATAS
944740.0,1.0,1.0,1.0,1.0,0.0,0.0,0.0,0.0,1.0,4.0,4.0,2.0,DIFICULDADE
117220.0,0.0,0.0,0.0,0.0,6.7,6.8,5.0,5.7,0.0,5.0,5.0,2.0,EXATAS
696725.0,0.0,0.0,0.0,0.0,7.7,7.5,8.0,0.0,0.0,18.0,7.0,3.0,HUMANAS
340430.0,0.0,0.0,0.0,0.0,6.0,6.1,4.8,4.9,1.0,2.0,2.0,3.0,EXATAS
981510.0,1.0,1.0,1.0,1.0,0.0,0.0,0.0,0.0,1.0,4.0,2.0,6.0,DIFICULDADE
111392.0,0.0,0.0,0.0,0.0,5.4,5.5,5.1,0.0,1.0,2.0,4.0,6.0,EXATAS
406479.0,0.0,0.0,0.0,0.0,6.4,5.6,6.3,5.1,1.0,5.0,5.0,3.0,EXATAS
170886.0,0.0,0.0,0.0,0.0,6.9,7.3,5.6,6.9,0.0,14.0,5.0,2.0,EXATAS
504346.0,0.0,0.0,0.0,0.0,7.7,8.2,5.7,8.0,1.0,8.0,6.0,1.0,EXCELENTE
473106.0,0.0,0.0,0.0,0.0,7.4,7.3,7.1,6.1,0.0,8.0,3.0,3.0,HUMANAS
662918.0,0.0,0.0,0.0,0.0,7.1,6.1,6.4,6.0,1.0,3.0,4.0,3.0,EXATAS
120381.0,0.0,0.0,0.0,0.0,6.4,6.1,6.5,5.8,0.0,4.0,4.0,6.0,EXATAS
534850.0,0.0,0.0,0.0,0.0,6.9,5.9,4.7,5.1,1.0,4.0,2.0,1.0,EXATAS
893089.0,0.0,0.0,0.0,0.0,6.4,4.9,6.9,4.8,1.0,13.0,4.0,6.0,HUMANAS
766334.0,1.0,1.0,1.0,1.0,0.0,0.0,0.0,0.0,0.0,9.0,5.0,3.0,DIFICULDADE
536814.0,0.0,0.0,0.0,0.0,7.6,7.4,8.0,7.2,1.0,13.0,4.0,1.0,HUMANAS
920902.0,0.0,0.0,0.0,0.0,6.6,6.2,8.0,5.0,0.0,4.0,0.0,3.0,HUMANAS
476612.0,0.0,0.0,0.0,0.0,6.4,4.7,5.5,0.0,0.0,5.0,2.0,3.0,EXATAS
807483.0,0.0,0.0,0.0,0.0,6.7,6.6,7.4,0.0,0.0,2.0,2.0,6.0,HUMANAS
794787.0,0.0,0.0,0.0,0.0,5.7,5.3,5.0,5.4,1.0,2.0,2.0,6.0,EXATAS
197663.0,0.0,0.0,0.0,0.0,6.5,6.4,4.9,5.5,1.0,9.0,2.0,6.0,EXATAS
659903.0,1.0,3.0,1.0,1.0,0.0,0.0,0.0,0.0,1.0,3.0,2.0,6.0,DIFICULDADE
940012.0,0.0,0.0,0.0,0.0,6.1,6.7,5.4,6.7,1.0,5.0,0.0,4.0,EXATAS
774101.0,0.0,0.0,0.0,0.0,6.7,7.0,6.5,7.0,0.0,13.0,5.0,6.0,EXATAS
614591.0,0.0,0.0,0.0,0.0,6.7,6.8,4.8,6.0,1.0,7.0,2.0,5.0,EXATAS
883017.0,1.0,1.0,1.0,1.0,0.0,0.0,0.0,0.0,1.0,3.0,5.0,4.0,DIFICULDADE
908773.0,3.0,3.0,1.0,1.0,0.0,0.0,0.0,0.0,1.0,9.0,1.0,7.0,DIFICULDADE
125642.0,0.0,0.0,0.0,0.0,4.9,4.2,5.0,5.0,0.0,2.0,2.0,5.0,DIFICULDADE
664281.0,0.0,0.0,0.0,0.0,5.6,6.1,5.6,4.9,0.0,0.0,1.0,3.0,EXATAS
200977.0,0.0,0.0,0.0,0.0,7.3,7.2,7.3,6.6,0.0,4.0,6.0,3.0,HUMANAS
657681.0,1.0,3.0,1.0,1.0,0.0,0.0,0.0,0.0,1.0,9.0,2.0,6.0,DIFICULDADE
828806.0,0.0,0.0,0.0,0.0,5.5,5.8,5.1,5.7,1.0,5.0,3.0,6.0,EXATAS
486721.0,0.0,0.0,0.0,0.0,6.6,6.3,6.1,5.3,1.0,12.0,7.0,2.0,EXATAS
472773.0,3.0,1.0,1.0,1.0,0.0,0.0,0.0,0.0,1.0,4.0,2.0,5.0,DIFICULDADE
734617.0,0.0,0.0,0.0,0.0,6.7,6.7,7.5,5.8,0.0,4.0,3.0,3.0,HUMANAS
267226.0,0.0,0.0,0.0,0.0,6.2,5.8,5.2,5.4,1.0,0.0,2.0,6.0,EXATAS
318923.0,0.0,0.0,1.0,3.0,6.0,5.1,0.0,0.0,1.0,5.0,2.0,6.0,DIFICULDADE
243096.0,0.0,0.0,0.0,0.0,7.1,7.5,7.6,6.4,1.0,4.0,5.0,4.0,HUMANAS
167677.0,0.0,0.0,0.0,0.0,6.6,5.4,7.1,6.2,1.0,17.0,6.0,2.0,HUMANAS
123768.0,0.0,0.0,0.0,0.0,6.5,4.8,5.7,5.2,1.0,7.0,2.0,3.0,EXATAS
206531.0,0.0,0.0,0.0,0.0,7.0,6.8,7.8,6.8,1.0,5.0,5.0,3.0,HUMANAS
262903.0,0.0,0.0,0.0,0.0,5.7,4.3,5.5,6.4,1.0,4.0,2.0,4.0,EXATAS
388011.0,0.0,0.0,0.0,0.0,7.2,7.0,4.8,5.6,1.0,9.0,5.0,3.0,EXATAS
723275.0,0.0,0.0,0.0,0.0,7.2,6.7,7.7,0.0,0.0,12.0,7.0,3.0,HUMANAS
884918.0,1.0,1.0,1.0,1.0,0.0,0.0,0.0,0.0,1.0,7.0,4.0,7.0,DIFICULDADE
930282.0,0.0,0.0,0.0,0.0,5.6,5.5,5.1,5.0,1.0,4.0,2.0,6.0,EXATAS
642529.0,0.0,0.0,0.0,0.0,6.8,5.6,5.7,5.2,0.0,7.0,2.0,7.0,EXATAS
920098.0,3.0,3.0,3.0,1.0,0.0,0.0,0.0,0.0,1.0,4.0,2.0,3.0,DIFICULDADE
916067.0,1.0,3.0,1.0,1.0,0.0,0.0,0.0,0.0,1.0,0.0,3.0,4.0,DIFICULDADE
186189.0,0.0,0.0,0.0,0.0,7.1,6.8,7.9,0.0,1.0,8.0,7.0,4.0,HUMANAS
669908.0,0.0,0.0,0.0,0.0,6.6,6.2,5.7,6.2,0.0,6.0,0.0,5.0,EXATAS
828135.0,0.0,0.0,0.0,0.0,6.0,6.7,4.9,5.3,0.0,1.0,4.0,2.0,EXATAS
189058.0,0.0,0.0,1.0,1.0,6.5,6.8,0.0,0.0,0.0,4.0,7.0,1.0,DIFICULDADE
577002.0,0.0,0.0,0.0,0.0,6.1,5.5,4.9,5.3,1.0,3.0,2.0,3.0,EXATAS
434973.0,1.0,1.0,3.0,1.0,0.0,0.0,0.0,0.0,1.0,3.0,2.0,4.0,DIFICULDADE
244958.0,0.0,0.0,0.0,0.0,6.4,6.4,6.4,0.0,1.0,2.0,4.0,6.0,EXATAS
676185.0,0.0,0.0,0.0,0.0,7.0,7.5,6.4,6.7,1.0,4.0,2.0,6.0,EXATAS
557326.0,0.0,0.0,0.0,0.0,7.2,7.2,6.1,5.5,0.0,9.0,3.0,5.0,EXATAS
968785.0,0.0,0.0,0.0,0.0,5.9,6.3,6.7,6.3,1.0,4.0,5.0,3.0,HUMANAS
593683.0,0.0,0.0,1.0,1.0,4.3,4.8,0.0,0.0,1.0,4.0,0.0,5.0,DIFICULDADE
883553.0,0.0,0.0,0.0,0.0,7.1,6.6,7.3,6.7,1.0,5.0,3.0,3.0,HUMANAS
361098.0,1.0,1.0,3.0,1.0,0.0,0.0,0.0,0.0,0.0,2.0,4.0,4.0,DIFICULDADE
195807.0,0.0,0.0,0.0,0.0,6.3,7.1,7.2,7.0,0.0,6.0,0.0,7.0,HUMANAS
121038.0,0.0,0.0,0.0,0.0,5.6,7.4,7.0,5.1,0.0,7.0,5.0,3.0,HUMANAS
935833.0,0.0,0.0,0.0,0.0,6.7,6.6,8.1,6.8,0.0,17.0,6.0,1.0,HUMANAS
759765.0,1.0,1.0,3.0,1.0,0.0,0.0,0.0,0.0,1.0,4.0,5.0,3.0,DIFICULDADE
317905.0,0.0,0.0,0.0,0.0,7.2,7.1,7.3,6.5,0.0,11.0,5.0,2.0,HUMANAS
589626.0,0.0,0.0,0.0,0.0,6.9,7.4,7.6,7.2,1.0,8.0,2.0,3.0,HUMANAS
699237.0,0.0,0.0,0.0,0.0,6.6,7.2,6.1,5.7,0.0,7.0,5.0,3.0,EXATAS
331931.0,0.0,0.0,0.0,0.0,6.4,5.8,6.3,6.3,1.0,10.0,5.0,3.0,EXATAS
944589.0,0.0,0.0,0.0,0.0,6.4,7.1,6.4,0.0,1.0,7.0,6.0,4.0,EXATAS
902476.0,0.0,0.0,0.0,0.0,7.4,6.8,7.1,5.6,0.0,5.0,7.0,3.0,HUMANAS
476766.0,0.0,0.0,0.0,0.0,6.4,7.1,5.8,5.4,1.0,4.0,2.0,4.0,EXATAS
260745.0,0.0,0.0,0.0,0.0,6.3,5.7,6.3,5.7,1.0,2.0,5.0,3.0,EXATAS
328140.0,0.0,0.0,0.0,0.0,7.1,7.3,5.3,6.4,1.0,4.0,2.0,6.0,EXATAS
388721.0,1.0,1.0,1.0,1.0,0.0,0.0,0.0,0.0,0.0,2.0,0.0,8.0,DIFICULDADE
168478.0,0.0,0.0,0.0,0.0,7.3,7.8,7.3,7.2,1.0,4.0,4.0,3.0,HUMANAS
220577.0,1.0,1.0,1.0,1.0,0.0,0.0,0.0,0.0,0.0,13.0,0.0,1.0,DIFICULDADE
616697.0,0.0,0.0,1.0,3.0,5.1,4.5,0.0,0.0,1.0,5.0,2.0,6.0,DIFICULDADE
809267.0,0.0,0.0,0.0,0.0,6.5,6.2,5.4,6.0,1.0,9.0,2.0,7.0,EXATAS
708846.0,0.0,0.0,0.0,0.0,6.6,6.6,4.8,5.0,1.0,4.0,4.0,4.0,EXATAS
100322.0,0.0,0.0,0.0,0.0,6.1,5.6,5.0,5.2,1.0,2.0,2.0,8.0,EXATAS
485013.0,0.0,0.0,0.0,0.0,6.8,6.6,6.3,0.0,0.0,3.0,2.0,6.0,EXATAS
591153.0,0.0,0.0,0.0,0.0,6.8,6.6,5.7,6.3,0.0,8.0,2.0,4.0,EXATAS
297160.0,0.0,0.0,0.0,0.0,6.2,5.8,7.2,0.0,1.0,2.0,1.0,7.0,HUMANAS
840114.0,0.0,0.0,0.0,0.0,6.9,7.0,8.6,0.0,1.0,2.0,2.0,6.0,HUMANAS
464809.0,0.0,0.0,0.0,0.0,6.0,4.2,5.7,5.9,1.0,5.0,2.0,6.0,EXATAS
373231.0,0.0,0.0,0.0,0.0,4.6,5.3,5.2,5.6,1.0,3.0,2.0,6.0,DIFICULDADE
758626.0,0.0,0.0,0.0,0.0,5.7,5.0,5.2,5.3,1.0,5.0,5.0,3.0,EXATAS
402980.0,0.0,0.0,0.0,0.0,5.3,5.1,5.9,5.6,1.0,4.0,5.0,3.0,EXATAS
374312.0,0.0,0.0,0.0,0.0,6.3,7.1,5.3,6.1,1.0,15.0,6.0,2.0,EXATAS
174876.0,0.0,0.0,0.0,0.0,6.8,6.7,5.5,4.7,0.0,11.0,4.0,4.0,EXATAS
424233.0,0.0,0.0,0.0,0.0,7.2,6.9,8.0,6.7,0.0,4.0,4.0,3.0,HUMANAS
532121.0,0.0,0.0,0.0,0.0,6.4,6.8,7.3,6.1,1.0,2.0,2.0,4.0,HUMANAS
877389.0,0.0,0.0,0.0,0.0,4.6,5.1,6.0,4.6,1.0,2.0,2.0,3.0,DIFICULDADE
389534.0,0.0,0.0,0.0,0.0,6.9,7.8,7.1,5.9,1.0,17.0,2.0,1.0,HUMANAS
133611.0,1.0,1.0,3.0,1.0,0.0,0.0,0.0,0.0,1.0,4.0,2.0,4.0,DIFICULDADE
953278.0,0.0,0.0,0.0,0.0,7.1,7.0,8.7,6.9,0.0,4.0,3.0,4.0,HUMANAS
832252.0,0.0,0.0,0.0,0.0,6.6,6.8,7.7,7.1,0.0,8.0,2.0,6.0,HUMANAS
467893.0,0.0,0.0,0.0,0.0,6.1,6.1,5.8,4.9,1.0,7.0,3.0,5.0,EXATAS
526283.0,1.0,1.0,1.0,1.0,0.0,0.0,0.0,0.0,0.0,13.0,4.0,3.0,DIFICULDADE
516048.0,0.0,0.0,0.0,0.0,6.5,6.7,6.5,6.0,1.0,5.0,3.0,5.0,EXATAS
696992.0,0.0,0.0,1.0,1.0,6.1,5.9,0.0,0.0,1.0,4.0,4.0,5.0,DIFICULDADE
114808.0,0.0,0.0,0.0,0.0,5.1,5.2,5.7,4.2,1.0,5.0,5.0,3.0,EXATAS
764219.0,0.0,0.0,0.0,0.0,6.9,6.7,5.6,7.0,1.0,1.0,2.0,5.0,EXATAS
604605.0,0.0,0.0,0.0,0.0,6.7,6.6,5.7,0.0,1.0,15.0,2.0,2.0,EXATAS
359735.0,0.0,0.0,0.0,0.0,5.5,6.3,5.1,5.6,0.0,4.0,3.0,5.0,EXATAS
312767.0,0.0,0.0,0.0,0.0,6.6,6.6,8.0,6.0,1.0,10.0,2.0,6.0,HUMANAS
854596.0,0.0,0.0,0.0,0.0,5.1,5.0,5.3,5.2,0.0,3.0,3.0,2.0,DIFICULDADE
716574.0,1.0,3.0,1.0,1.0,0.0,0.0,0.0,0.0,0.0,3.0,5.0,3.0,DIFICULDADE
734621.0,1.0,1.0,3.0,1.0,0.0,0.0,0.0,0.0,0.0,2.0,3.0,8.0,DIFICULDADE
110515.0,0.0,0.0,0.0,0.0,6.3,7.0,8.0,6.1,0.0,11.0,5.0,8.0,HUMANAS
322996.0,0.0,0.0,0.0,0.0,6.0,4.7,5.3,0.0,1.0,10.0,0.0,4.0,EXATAS
846251.0,0.0,0.0,0.0,0.0,6.2,6.7,6.1,0.0,0.0,13.0,4.0,3.0,EXATAS
840466.0,0.0,0.0,0.0,0.0,5.1,5.7,6.2,0.0,0.0,3.0,5.0,6.0,EXATAS
281650.0,0.0,0.0,0.0,0.0,7.1,6.3,7.1,5.7,0.0,15.0,6.0,2.0,HUMANAS
368754.0,0.0,0.0,0.0,0.0,6.7,6.4,5.5,0.0,1.0,5.0,5.0,4.0,EXATAS
374837.0,0.0,0.0,0.0,0.0,6.8,6.8,6.2,0.0,0.0,5.0,5.0,2.0,EXATAS
523969.0,0.0,0.0,0.0,0.0,6.5,6.3,6.1,6.0,1.0,2.0,2.0,5.0,EXATAS
610891.0,0.0,0.0,0.0,0.0,7.1,7.8,8.7,6.8,0.0,7.0,5.0,2.0,EXCELENTE
101558.0,0.0,0.0,0.0,0.0,6.1,5.7,4.7,5.0,0.0,3.0,2.0,3.0,EXATAS
138137.0,0.0,0.0,0.0,0.0,6.8,6.0,5.7,6.6,1.0,5.0,1.0,7.0,EXATAS
396549.0,0.0,0.0,0.0,0.0,6.5,5.9,7.2,4.6,0.0,2.0,2.0,5.0,HUMANAS
549524.0,0.0,0.0,0.0,0.0,6.0,5.3,6.8,5.3,0.0,5.0,5.0,2.0,HUMANAS
841943.0,1.0,1.0,1.0,1.0,0.0,0.0,0.0,0.0,0.0,7.0,6.0,1.0,DIFICULDADE
600350.0,0.0,0.0,3.0,1.0,5.3,5.6,0.0,0.0,1.0,2.0,2.0,6.0,DIFICULDADE
518115.0,0.0,0.0,0.0,0.0,5.3,5.5,5.0,5.6,0.0,2.0,1.0,8.0,DIFICULDADE
451127.0,1.0,1.0,1.0,3.0,0.0,0.0,0.0,0.0,1.0,5.0,5.0,8.0,DIFICULDADE
510330.0,0.0,0.0,0.0,0.0,7.8,7.6,8.3,7.4,0.0,5.0,3.0,2.0,EXCELENTE
540009.0,1.0,1.0,1.0,1.0,0.0,0.0,0.0,0.0,0.0,8.0,6.0,2.0,DIFICULDADE
452848.0,0.0,0.0,0.0,0.0,7.8,7.4,9.5,7.5,1.0,15.0,3.0,1.0,EXCELENTE
478195.0,0.0,0.0,0.0,0.0,7.2,7.1,7.9,6.7,1.0,2.0,1.0,3.0,HUMANAS
651477.0,1.0,3.0,1.0,1.0,0.0,0.0,0.0,0.0,0.0,6.0,4.0,5.0,DIFICULDADE
388743.0,1.0,1.0,3.0,1.0,0.0,0.0,0.0,0.0,0.0,3.0,4.0,3.0,DIFICULDADE
680063.0,1.0,1.0,1.0,1.0,0.0,0.0,0.0,0.0,0.0,4.0,0.0,6.0,DIFICULDADE
476487.0,0.0,0.0,0.0,0.0,6.7,6.6,6.2,5.0,1.0,2.0,2.0,5.0,EXATAS
835232.0,0.0,0.0,0.0,0.0,7.6,7.3,7.6,6.6,0.0,6.0,7.0,3.0,HUMANAS
806892.0,0.0,0.0,0.0,0.0,5.4,5.4,4.5,5.6,1.0,4.0,2.0,3.0,DIFICULDADE
582250.0,0.0,0.0,0.0,0.0,6.3,6.1,5.5,5.8,1.0,5.0,3.0,5.0,EXATAS
196394.0,0.0,0.0,0.0,0.0,6.4,6.1,6.3,6.5,1.0,12.0,2.0,5.0,EXATAS
528062.0,1.0,1.0,1.0,1.0,0.0,0.0,0.0,0.0,1.0,5.0,2.0,5.0,DIFICULDADE
219135.0,1.0,1.0,1.0,1.0,0.0,0.0,0.0,0.0,0.0,2.0,0.0,4.0,DIFICULDADE
293031.0,0.0,0.0,0.0,0.0,6.4,6.4,6.2,5.7,1.0,3.0,2.0,4.0,EXATAS
118224.0,0.0,0.0,0.0,0.0,6.7,6.6,4.8,6.2,1.0,6.0,7.0,5.0,EXATAS
328561.0,1.0,1.0,1.0,1.0,0.0,0.0,0.0,0.0,1.0,9.0,5.0,4.0,DIFICULDADE
843005.0,1.0,3.0,1.0,1.0,0.0,0.0,0.0,0.0,0.0,4.0,2.0,3.0,DIFICULDADE
563326.0,1.0,1.0,1.0,1.0,0.0,0.0,0.0,0.0,0.0,0.0,0.0,3.0,DIFICULDADE
346084.0,0.0,0.0,0.0,0.0,5.0,4.6,6.7,5.1,1.0,1.0,2.0,6.0,HUMANAS
135310.0,0.0,0.0,0.0,0.0,6.7,6.6,5.0,6.2,0.0,11.0,5.0,3.0,EXATAS
115254.0,3.0,1.0,3.0,1.0,0.0,0.0,0.0,0.0,0.0,5.0,2.0,6.0,DIFICULDADE
429257.0,0.0,0.0,0.0,0.0,5.7,5.5,5.9,5.5,1.0,0.0,2.0,6.0,EXATAS
974127.0,0.0,0.0,0.0,0.0,7.2,7.2,5.3,5.5,1.0,13.0,6.0,1.0,EXATAS
584985.0,0.0,0.0,0.0,0.0,7.0,6.6,6.3,6.6,0.0,2.0,6.0,3.0,EXATAS
792013.0,3.0,1.0,3.0,1.0,0.0,0.0,0.0,0.0,1.0,1.0,4.0,3.0,DIFICULDADE
513735.0,0.0,0.0,0.0,0.0,6.4,5.7,5.3,5.1,1.0,7.0,4.0,4.0,EXATAS
736556.0,0.0,0.0,0.0,0.0,6.2,6.6,5.9,4.7,1.0,3.0,2.0,7.0,EXATAS
406593.0,0.0,0.0,0.0,0.0,6.4,6.7,8.1,6.7,0.0,5.0,2.0,6.0,HUMANAS
526733.0,0.0,0.0,0.0,0.0,6.4,5.1,7.0,4.8,1.0,11.0,3.0,5.0,HUMANAS
328269.0,0.0,0.0,0.0,0.0,5.7,6.4,5.8,4.6,0.0,3.0,2.0,5.0,EXATAS
271282.0,0.0,0.0,0.0,0.0,6.5,6.8,8.0,0.0,0.0,2.0,5.0,7.0,HUMANAS
892414.0,1.0,1.0,1.0,1.0,0.0,0.0,0.0,0.0,1.0,12.0,4.0,4.0,DIFICULDADE
816444.0,0.0,0.0,0.0,0.0,7.0,5.9,6.9,0.0,1.0,4.0,0.0,5.0,HUMANAS
342396.0,1.0,1.0,3.0,1.0,0.0,0.0,0.0,0.0,0.0,6.0,3.0,2.0,DIFICULDADE
394627.0,0.0,0.0,3.0,3.0,6.4,5.8,0.0,0.0,1.0,5.0,2.0,7.0,DIFICULDADE
695141.0,0.0,0.0,0.0,0.0,5.6,7.5,5.6,0.0,0.0,3.0,4.0,4.0,EXATAS
704682.0,0.0,0.0,3.0,3.0,6.3,6.7,0.0,0.0,1.0,3.0,0.0,3.0,DIFICULDADE
393827.0,0.0,0.0,0.0,0.0,7.3,7.0,6.6,0.0,1.0,3.0,3.0,5.0,HUMANAS
525383.0,0.0,0.0,0.0,0.0,6.6,5.7,7.7,5.8,1.0,6.0,4.0,6.0,HUMANAS
626436.0,0.0,0.0,0.0,0.0,5.3,5.4,4.6,4.9,0.0,3.0,3.0,4.0,DIFICULDADE
568784.0,0.0,0.0,0.0,0.0,7.4,6.4,6.2,6.6,0.0,12.0,0.0,1.0,EXATAS
847184.0,0.0,0.0,0.0,0.0,7.0,6.4,5.6,6.9,1.0,4.0,1.0,1.0,EXATAS
254001.0,1.0,1.0,3.0,1.0,0.0,0.0,0.0,0.0,1.0,6.0,1.0,7.0,DIFICULDADE
306842.0,0.0,0.0,0.0,0.0,6.0,5.7,7.2,0.0,1.0,2.0,5.0,3.0,HUMANAS
576509.0,0.0,0.0,0.0,0.0,7.0,7.7,7.4,6.6,1.0,11.0,2.0,6.0,HUMANAS
300806.0,1.0,1.0,1.0,1.0,0.0,0.0,0.0,0.0,0.0,6.0,0.0,3.0,DIFICULDADE
639081.0,0.0,0.0,0.0,0.0,5.7,4.9,6.3,0.0,0.0,0.0,2.0,3.0,EXATAS
420629.0,3.0,1.0,1.0,1.0,0.0,0.0,0.0,0.0,0.0,7.0,2.0,6.0,DIFICULDADE
528910.0,1.0,1.0,1.0,1.0,0.0,0.0,0.0,0.0,1.0,4.0,2.0,6.0,DIFICULDADE
585313.0,0.0,0.0,0.0,0.0,7.0,6.5,7.0,0.0,0.0,2.0,2.0,6.0,HUMANAS
492421.0,0.0,0.0,0.0,0.0,6.2,7.0,5.4,0.0,0.0,4.0,2.0,6.0,EXATAS
972364.0,0.0,0.0,0.0,0.0,6.7,7.1,5.5,6.9,1.0,12.0,6.0,2.0,EXATAS
997966.0,0.0,0.0,0.0,0.0,5.7,5.4,5.0,4.7,0.0,16.0,7.0,6.0,EXATAS
170652.0,0.0,0.0,0.0,0.0,6.4,6.4,5.6,4.7,1.0,4.0,1.0,3.0,EXATAS
176105.0,0.0,0.0,0.0,0.0,5.9,4.8,6.5,0.0,1.0,15.0,5.0,1.0,EXATAS
870968.0,0.0,0.0,0.0,0.0,6.4,6.9,7.7,5.1,0.0,14.0,5.0,2.0,HUMANAS
791241.0,0.0,0.0,0.0,0.0,5.9,4.6,5.3,5.5,1.0,4.0,5.0,3.0,EXATAS
916981.0,0.0,0.0,0.0,0.0,6.4,6.6,6.1,6.0,0.0,5.0,3.0,3.0,EXATAS
913580.0,0.0,0.0,0.0,0.0,7.6,8.0,7.2,6.5,0.0,8.0,5.0,3.0,HUMANAS
465191.0,0.0,0.0,0.0,0.0,6.9,6.0,5.2,5.0,0.0,2.0,5.0,5.0,EXATAS
254154.0,0.0,0.0,0.0,0.0,6.3,5.8,5.8,5.9,0.0,5.0,5.0,3.0,EXATAS
906864.0,1.0,1.0,1.0,1.0,0.0,0.0,0.0,0.0,1.0,2.0,2.0,6.0,DIFICULDADE
269342.0,1.0,1.0,3.0,1.0,0.0,0.0,0.0,0.0,0.0,2.0,2.0,6.0,DIFICULDADE
792923.0,0.0,0.0,0.0,0.0,7.1,7.0,7.2,5.2,0.0,4.0,4.0,5.0,HUMANAS
845727.0,0.0,0.0,0.0,0.0,5.0,4.5,6.5,4.4,1.0,2.0,3.0,5.0,DIFICULDADE
915534.0,1.0,1.0,1.0,1.0,0.0,0.0,0.0,0.0,1.0,4.0,2.0,6.0,DIFICULDADE
299549.0,0.0,0.0,0.0,0.0,7.6,7.6,10.3,6.9,0.0,16.0,6.0,1.0,EXCELENTE
940576.0,0.0,0.0,0.0,0.0,6.3,5.3,7.0,5.6,1.0,4.0,0.0,8.0,HUMANAS
682956.0,0.0,0.0,0.0,0.0,5.7,5.9,5.8,5.0,1.0,1.0,1.0,6.0,EXATAS
850896.0,0.0,0.0,0.0,0.0,6.7,7.1,5.7,6.3,0.0,16.0,6.0,3.0,EXATAS
525876.0,0.0,0.0,0.0,0.0,6.7,7.2,5.2,5.7,1.0,10.0,3.0,5.0,EXATAS
867666.0,0.0,0.0,0.0,0.0,7.1,6.8,6.5,6.0,1.0,5.0,3.0,6.0,EXATAS
